M,PICTURE
M1,assets/Messier-1-Crab-Nebula-1.webp
M2,assets/Messier-2.webp
M3,assets/Messier-3.webp
M4,assets/Messier-4.webp
M5,assets/Messier-5.webp
M6,assets/Messier-6-Butterfly-Cluster.webp
M7,assets/Messier-7-Ptolemy-Cluster.webp
M8,assets/Messier-8-Lagoon-Nebula.webp
M9,assets/Messier-9.webp
M10,assets/Messier-10.webp
M11,assets/Messier-11-Wild-Duck-Cluster.webp
M12,assets/Messier-12.webp
M13,assets/Messier-13-Hercules-Globular-Cluster.webp
M14,assets/Messier-14.webp
M15,assets/Messier-15-Great-Pegasus-Cluster.webp
M16,assets/Messier-16-Eagle-Nebula.webp
M17,assets/Messier-17-Omega-Nebula.webp
M18,assets/Messier-18.webp
M19,assets/Messier-19.webp
M20,assets/Messier-20-Trifid-Nebula.webp
M21,assets/Messier-21.webp
M22,assets/Messier-22-Sagittarius-Cluster.webp
M23,assets/Messier-23.webp
M24,assets/Messier-24-Small-Sagittarius-Star-Cloud.webp
M25,assets/Messier-25.webp
M26,assets/Messier-26.webp
M27,assets/Messier-27-Dumbbell-Nebula.webp
M28,assets/Messier-28.webp
M29,assets/Messier-29-Cooling-Tower.webp
M30,assets/Messier-30.webp
M31,assets/Messier-31-Andromeda-Galaxy.webp
M32,assets/Messier-32.webp
M33,assets/Messier-33-Triangulum-Galaxy.webp
M34,assets/Messier-34.webp
M35,assets/Messier-35-and-NGC-2158.webp
M36,assets/Messier-36-Pinwheel-Cluster.webp
M37,assets/Messier-37.webp
M38,assets/Messier-38-Starfish-Cluster.webp
M39,assets/Messier-39.webp
M40,assets/Messier-40-Winnecke-4.webp
M41,assets/Messier-41.webp
M42,assets/Messier-42-Orion-Nebula.webp
M43,assets/Messier-43-De-Mairans-Nebula.webp
M44,assets/Messier-44-Beehive-Cluster.webp
M45,assets/Messier-45-Pleiades.webp
M46,assets/Messier-46.webp
M47,assets/Messier-47.webp
M48,assets/Messier-48.webp
M49,assets/Messier-49.webp
M50,assets/Messier-50.webp
M51,assets/Messier-51-Whirlpool-Galaxy.webp
M52,assets/Messier-52.webp
M53,assets/Messier-53.webp
M54,assets/Messier-54.webp
M55,assets/Messier-55.webp
M56,assets/Messier-56.webp
M57,assets/Messier-57-Ring-Nebula.webp
M58,assets/Messier-58.webp
M59,assets/Messier-59.webp
M60,assets/Messier-60.webp
M61,assets/Messier-61.webp
M62,assets/Messier-62.webp
M63,assets/Messier-63-Sunflower-Galaxy.webp
M64,assets/Messier-64-Black-Eye-Galaxy.webp
M65,assets/Messier-65.webp
M66,assets/Messier-66.webp
M67,assets/Messier-67.webp
M68,assets/Messier-68.webp
M69,assets/Messier-69.webp
M70,assets/Messier-70.webp
M71,assets/Messier-71.webp
M72,assets/Messier-72.webp
M73,assets/Messier-73.webp
M74,assets/Messier-74-Phantom-Galaxy.webp
M75,assets/Messier-75.webp
M76,assets/Messier-76-Little-Dumbbell-Nebula.webp
M77,assets/Messier-77-Cetus-A.webp
M78,assets/Messier-78.webp
M79,assets/Messier-79.webp
M80,assets/Messier-80.webp
M81,assets/Messier-81-Bodes-Galaxy.webp
M82,assets/Messier-82-Cigar-Galaxy.webp
M83,assets/Messier-83-Southern-Pinwheel-Galaxy.webp
M84,assets/Messier-84.webp
M85,assets/Messier-85.webp
M86,assets/Messier-86.webp
M87,assets/Messier-87-Virgo-A.webp
M88,assets/Messier-88.webp
M89,assets/Messier-89.webp
M90,assets/Messier-90.webp
M91,assets/Messier-91.webp
M92,assets/Messier-92.webp
M93,assets/Messier-93.webp
M94,assets/Messier-94-Cats-Eye-Galaxy.webp
M95,assets/Messier-95.webp
M96,assets/Messier-96.webp
M97,assets/Messier-97-Owl-Nebula.webp
M98,assets/Messier-98.webp
M99,assets/Messier-99-Coma-Pinwheel-Galaxy.webp
M100,assets/Messier-100.webp
M101,assets/Messier-101-Pinwheel-Galaxy.webp
M102,assets/Messier-102-Spindle-Galaxy.webp
M103,assets/Messier-103.webp
M104,assets/Messier-104-Sombrero-Galaxy.webp
M105,assets/Messier-105.webp
M106,assets/Messier-106.webp
M107,assets/Messier-107.webp
M108,assets/Messier-108.webp
M109,assets/Messier-109.webp
M110,assets/Messier-110.webp
